{
  "Table4.1": {
    "y_max": 46.60095257234912,
    "k": 0.01687239415474734,
    "p": 0.9917917417072227
  },
  "Table4.2": {
    "y_max": 51.71757313297769,
    "k": 0.012552072275439351,
    "p": 0.8864792565903341
  }
}