{
  "Table4.1": {
    "y_max": 46.60095402612564,
    "k": 0.01687239286915855,
    "p": 0.9917917126952261
  },
  "Table4.2": {
    "y_max": 51.71757403066702,
    "k": 0.012552071796756511,
    "p": 0.8864792476902297
  }
}